,Script,Edition,Release,Rendition,Build,Version,Description
0,0,0,0,0,0,0.0,Placeholder
1,Animation,0,0,0,1,1.0,An application to run the ProductionPlotter.py code.
2,Animation,0,0,0,2,2.0,An application to run the ProductionPlotter.py code.
3,Animation,0,0,0,3,3.0,An application to run the ProductionPlotter.py code.
4,Animation,0,0,0,4,4.0,An application to run the ProductionPlotter.py code.
5,Animation,0,0,0,5,5.0,An application to run the ProductionPlotter.py code.
6,Animation,0,0,0,6,6.0,An application to run the ProductionPlotter.py code.
7,Animation,0,0,0,7,7.0,An application to run the ProductionPlotter.py code.
8,Testing-BM,0,0,0,1,1.0,An application to run the ProductionPlotter.py code.
9,Testing-BM,0,0,0,2,2.0,An application to run the ProductionPlotter.py code.
10,Testing-BM,0,0,0,3,3.0,An application to run the ProductionPlotter.py code.
11,Testing-BM,0,0,0,4,4.0,An application to run the ProductionPlotter.py code.
12,Testing-BM,0,0,0,5,5.0,An application to run the ProductionPlotter.py code.
13,Testing-BM,0,0,0,6,6.0,An application to run the ProductionPlotter.py code.
14,Testing-BM,0,0,0,7,7.0,An application to run the ProductionPlotter.py code.
15,Solver,0,0,0,1,1.0,
16,Testing-BM,0,0,0,8,8.0,
17,Testing-BM,0,0,0,9,9.0,
18,SpeedComparision,0,0,0,1,1.0,
19,Animation,0,0,0,8,8.0,
20,Animation,0,0,0,9,9.0,
21,Solver,0,0,0,2,2.0,
22,Solver,0,0,0,3,3.0,
